{"cameraMode":{"drawMode":0,"name":"Shaded","section":"Shading Mode"},"sceneLighting":true,"audioPlay":false,"sceneViewState":{"m_AlwaysRefresh":false,"showFog":true,"showSkybox":true,"showFlares":true,"showImageEffects":true,"showParticleSystems":true,"showVisualEffectGraphs":true,"m_FxEnabled":true},"in2DMode":false,"pivot":{"x":245.91481018066407,"y":53.305328369140628,"z":426.7889709472656},"rotation":{"x":0.008555026724934578,"y":0.8839238286018372,"z":-0.4672926664352417,"w":0.01617724820971489},"size":118.09615325927735,"orthographic":false}