{"cameraMode":{"drawMode":0,"name":"Shaded","section":"Shading Mode"},"sceneLighting":true,"audioPlay":false,"sceneViewState":{"m_AlwaysRefresh":false,"showFog":true,"showSkybox":true,"showFlares":true,"showImageEffects":true,"showParticleSystems":true,"showVisualEffectGraphs":true,"m_FxEnabled":true},"in2DMode":false,"pivot":{"x":146.05612182617188,"y":0.3128318786621094,"z":445.708251953125},"rotation":{"x":-0.030706876888871194,"y":0.9634114503860474,"z":-0.23454886674880982,"w":-0.12615114450454713},"size":10.764662742614746,"orthographic":false}